{
    "faces":[42,0,1,2,0,0,1,2,0,1,2,42,2,3,0,0,2,3,0,2,3,0,42,1,4,5,0,1,4,5,1,4,5,42,5,2,1,0,5,2,1,5,2,1,42,3,2,6,0,3,2,6,3,2,6,42,6,7,3,0,6,7,3,6,7,3,42,2,5,8,0,2,5,8,2,5,8,42,8,6,2,0,8,6,2,8,6,2,42,7,6,9,0,7,6,9,7,6,9,42,9,10,7,0,9,10,7,9,10,7,42,6,8,11,0,6,8,11,6,8,11,42,11,9,6,0,11,9,6,11,9,6,42,10,9,12,0,10,9,12,10,9,12,42,9,11,12,0,9,11,12,9,11,12],
    "vertices":[0.333866,0,-0.155755,0.339187,0,-0.155755,0.342126,0.135409,-0.146022,0.335803,0.135534,-0.145408,0.344507,0,-0.155755,0.348442,0.134994,-0.145475,0.350744,0.26207,-0.096261,0.344066,0.262343,-0.095594,0.357397,0.261235,-0.095872,0.364419,0.371251,-0.016365,0.359181,0.371469,-0.015682,0.369602,0.370231,-0.016159,0.382144,0.455625,0.087871],
    "influencesPerVertex":2,
    "skinWeights":[],
    "materials":[{
        "transparent":true,
        "mapDiffuse":"grass.png",
        "mapBumpScale":1,
        "mapDiffuseWrap":["repeat","repeat"],
        "colorDiffuse":[0.243137,0.364706,0.113725],
        "mapBumpWrap":["repeat","repeat"],
        "colorSpecular":[0.088471,0.101176,0.070118],
        "shading":"phong",
        "opacity":1,
        "mapBumpAnisotropy":1,
        "doubleSided":false,
        "blending":"NormalBlending",
        "visible":true,
        "mapBumpRepeat":[1,1],
        "mapBump":"grass_normal.png",
        "DbgName":"strand",
        "specularCoef":6,
        "depthWrite":true,
        "DbgIndex":0,
        "depthTest":true,
        "wireframe":false,
        "mapDiffuseRepeat":[1,1],
        "mapDiffuseAnisotropy":1,
        "DbgColor":15658734,
        "colorEmissive":[0,0,0]
    }],
    "bones":[],
    "normals":[0.002838,-0.071841,0.997406,-0.001343,-0.073672,0.997253,-0.003632,-0.221961,0.975036,0.089663,-0.22602,0.96997,0,-0.07593,0.997101,-0.097293,-0.216102,0.971496,-0.0206,-0.480392,0.876797,0.067537,-0.485397,0.87167,-0.110508,-0.471145,0.875088,-0.046693,-0.684805,0.727195,0.06476,-0.692618,0.718375,-0.159459,-0.66567,0.728996,-0.062593,-0.770501,0.634327],
    "metadata":{
        "faces":14,
        "type":"Geometry",
        "generator":"io_three",
        "version":3,
        "vertices":13,
        "materials":1,
        "bones":0,
        "normals":13,
        "uvs":1
    },
    "uvs":[[0,0,0.5,0,0.5,0.25,0,0.25,1,0,1,0.25,0.5,0.5,0,0.5,1,0.5,0.5,0.75,0,0.75,1,0.75,0.5,1]],
    "skinIndices":[]
}