{
    "faces":[42,0,1,2,0,0,1,2,0,1,2,42,2,3,0,0,2,3,0,2,3,0,42,1,4,5,0,1,4,5,1,4,5,42,5,2,1,0,5,2,1,5,2,1,42,3,2,6,0,3,2,6,3,2,6,42,6,7,3,0,6,7,3,6,7,3,42,2,5,8,0,2,5,8,2,5,8,42,8,6,2,0,8,6,2,8,6,2,42,7,6,9,0,7,6,9,7,6,9,42,9,10,7,0,9,10,7,9,10,7,42,6,8,11,0,6,8,11,6,8,11,42,11,9,6,0,11,9,6,11,9,6,42,10,9,12,0,10,9,12,10,9,12,42,9,11,12,0,9,11,12,9,11,12],
    "vertices":[-0.13929,0,-0.155755,-0.133713,0,-0.155755,-0.133713,0.14168,-0.154593,-0.140344,0.141616,-0.152974,-0.128135,0,-0.155755,-0.127081,0.141616,-0.152974,-0.133713,0.283141,-0.146251,-0.140726,0.283014,-0.144635,-0.126699,0.283014,-0.144635,-0.133713,0.424166,-0.132361,-0.139219,0.423976,-0.130752,-0.128206,0.423976,-0.130752,-0.133713,0.564284,-0.111345],
    "influencesPerVertex":2,
    "skinWeights":[],
    "materials":[{
        "transparent":true,
        "mapDiffuse":"grass.png",
        "mapBumpScale":1,
        "mapDiffuseWrap":["repeat","repeat"],
        "colorDiffuse":[0.243137,0.364706,0.113725],
        "mapBumpWrap":["repeat","repeat"],
        "colorSpecular":[0.088471,0.101176,0.070118],
        "shading":"phong",
        "opacity":1,
        "mapBumpAnisotropy":1,
        "doubleSided":false,
        "blending":"NormalBlending",
        "visible":true,
        "mapBumpRepeat":[1,1],
        "mapBump":"grass_normal.png",
        "DbgName":"strand",
        "specularCoef":6,
        "depthWrite":true,
        "DbgIndex":0,
        "depthTest":true,
        "wireframe":false,
        "mapDiffuseRepeat":[1,1],
        "mapDiffuseAnisotropy":1,
        "DbgColor":15658734,
        "colorEmissive":[0,0,0]
    }],
    "bones":[],
    "normals":[0.007233,-0.008484,0.999908,-0.003632,-0.013733,0.999878,-0.001373,-0.035737,0.999359,0.237129,-0.037294,0.970733,0,-0.019623,0.999786,-0.234443,-0.032472,0.971557,-0.000275,-0.07889,0.996857,0.225806,-0.076113,0.971191,-0.225257,-0.077548,0.971191,-0.000458,-0.123936,0.992279,0.282266,-0.119327,0.951872,-0.28132,-0.117893,0.95233,0,-0.14832,0.988922],
    "metadata":{
        "faces":14,
        "type":"Geometry",
        "generator":"io_three",
        "version":3,
        "vertices":13,
        "materials":1,
        "bones":0,
        "normals":13,
        "uvs":1
    },
    "uvs":[[0,0,0.5,0,0.5,0.25,0,0.25,1,0,1,0.25,0.5,0.5,0,0.5,1,0.5,0.5,0.75,0,0.75,1,0.75,0.5,1]],
    "skinIndices":[]
}