{
    "faces":[42,0,1,2,0,0,1,2,0,1,2,42,2,3,0,0,2,3,0,2,3,0,42,1,4,5,0,1,4,5,1,4,5,42,5,2,1,0,5,2,1,5,2,1,42,3,2,6,0,3,2,6,3,2,6,42,6,7,3,0,6,7,3,6,7,3,42,2,5,8,0,2,5,8,2,5,8,42,8,6,2,0,8,6,2,8,6,2,42,7,6,9,0,7,6,9,7,6,9,42,9,10,7,0,9,10,7,9,10,7,42,6,8,11,0,6,8,11,6,8,11,42,11,9,6,0,11,9,6,11,9,6,42,10,9,12,0,10,9,12,10,9,12,42,9,11,12,0,9,11,12,9,11,12],
    "vertices":[0.098048,0,-0.155755,0.103369,0,-0.155755,0.097244,0.132521,-0.133495,0.090954,0.131754,-0.133028,0.108689,0,-0.155755,0.103552,0.132888,-0.132833,0.079626,0.248661,-0.067744,0.073079,0.24716,-0.06768,0.086244,0.249409,-0.066878,0.052693,0.334061,0.032771,0.047697,0.33237,0.032413,0.057842,0.334743,0.033756,0.0199,0.377595,0.155753],
    "influencesPerVertex":2,
    "skinWeights":[],
    "materials":[{
        "transparent":true,
        "mapDiffuse":"grass.png",
        "mapBumpScale":1,
        "mapDiffuseWrap":["repeat","repeat"],
        "colorDiffuse":[0.243137,0.364706,0.113725],
        "mapBumpWrap":["repeat","repeat"],
        "colorSpecular":[0.088471,0.101176,0.070118],
        "shading":"phong",
        "opacity":1,
        "mapBumpAnisotropy":1,
        "doubleSided":false,
        "blending":"NormalBlending",
        "visible":true,
        "mapBumpRepeat":[1,1],
        "mapBump":"grass_normal.png",
        "DbgName":"strand",
        "specularCoef":6,
        "depthWrite":true,
        "DbgIndex":0,
        "depthTest":true,
        "wireframe":false,
        "mapDiffuseRepeat":[1,1],
        "mapDiffuseAnisotropy":1,
        "DbgColor":15658734,
        "colorEmissive":[0,0,0]
    }],
    "bones":[],
    "normals":[0.002686,-0.165624,0.986175,-0.001373,-0.167852,0.985778,0.012085,-0.333293,0.942717,0.109165,-0.324564,0.939512,0,-0.169958,0.985443,-0.077395,-0.339671,0.937346,0.057283,-0.627888,0.776147,0.147557,-0.609333,0.779015,-0.028138,-0.639821,0.767998,0.125095,-0.844722,0.520371,0.236457,-0.811853,0.533799,0.017853,-0.862514,0.505661,0.165441,-0.914975,0.367992],
    "metadata":{
        "faces":14,
        "type":"Geometry",
        "generator":"io_three",
        "version":3,
        "vertices":13,
        "materials":1,
        "bones":0,
        "normals":13,
        "uvs":1
    },
    "uvs":[[0,0,0.5,0,0.5,0.25,0,0.25,1,0,1,0.25,0.5,0.5,0,0.5,1,0.5,0.5,0.75,0,0.75,1,0.75,0.5,1]],
    "skinIndices":[]
}