{
    "faces":[42,0,1,2,0,0,1,2,0,0,1,42,2,3,0,0,2,3,0,1,2,0,42,1,4,5,0,1,4,5,0,0,2,42,5,2,1,0,5,2,1,2,1,0,42,3,2,6,0,3,2,6,2,1,3,42,6,7,3,0,6,7,3,3,4,2,42,2,5,8,0,2,5,8,1,2,4,42,8,6,2,0,8,6,2,4,3,1,42,7,6,9,0,7,6,9,4,3,5,42,9,10,7,0,9,10,7,5,6,4,42,6,8,11,0,6,8,11,3,4,6,42,11,9,6,0,11,9,6,6,5,3,42,10,9,12,0,10,9,12,6,5,7,42,9,11,12,0,9,11,12,5,6,7],
    "vertices":[-0.380775,0,-0.155755,-0.375454,0,-0.155755,-0.375454,0.134793,-0.147658,-0.38178,0.134793,-0.147658,-0.370134,0,-0.155755,-0.369129,0.134793,-0.147658,-0.375454,0.267647,-0.123485,-0.382144,0.267647,-0.123485,-0.368764,0.267647,-0.123485,-0.375454,0.396652,-0.083582,-0.380707,0.396652,-0.083582,-0.370202,0.396652,-0.083582,-0.375454,0.519953,-0.028523],
    "influencesPerVertex":2,
    "skinWeights":[],
    "materials":[{
        "transparent":true,
        "mapDiffuse":"grass.png",
        "mapBumpScale":1,
        "mapDiffuseWrap":["repeat","repeat"],
        "colorDiffuse":[0.243137,0.364706,0.113725],
        "mapBumpWrap":["repeat","repeat"],
        "colorSpecular":[0.088471,0.101176,0.070118],
        "shading":"phong",
        "opacity":1,
        "mapBumpAnisotropy":1,
        "doubleSided":false,
        "blending":"NormalBlending",
        "visible":true,
        "mapBumpRepeat":[1,1],
        "mapBump":"grass_normal.png",
        "DbgName":"strand",
        "specularCoef":6,
        "depthWrite":true,
        "DbgIndex":0,
        "depthTest":true,
        "wireframe":false,
        "mapDiffuseRepeat":[1,1],
        "mapDiffuseAnisotropy":1,
        "DbgColor":15658734,
        "colorEmissive":[0,0,0]
    }],
    "bones":[],
    "normals":[0,-0.059938,0.998199,0,-0.119694,0.992798,0,-0.119877,0.992767,0,-0.237678,0.971313,0,-0.237526,0.971374,0,-0.352245,0.935881,0,-0.351329,0.936216,0,-0.407727,0.913083],
    "metadata":{
        "faces":14,
        "type":"Geometry",
        "generator":"io_three",
        "version":3,
        "vertices":13,
        "materials":1,
        "bones":0,
        "normals":8,
        "uvs":1
    },
    "uvs":[[0,0,0.5,0,0.5,0.25,0,0.25,1,0,1,0.25,0.5,0.5,0,0.5,1,0.5,0.5,0.75,0,0.75,1,0.75,0.5,1]],
    "skinIndices":[]
}